Aalto University
Aarhus University
Abbey Park High School
Abbey Park Middle School
ABES Engineering College
Abington Senior High School
Abraham Lincoln High School
Academy of Technology
Acardia High School, Arizona
Acharya Institute of Technology
Acton-Boxborough Regional High School
Adelphi University
Adlai E. Stevenson High School
Advanced Math and Science Academy Charter School
AGH University of Science and Technology
Alameda High School
Albany Medical College
Alfa College
Allan Hancock College
Allen High School
Ambala College of Engineering and Applied Research
American Academy of Dramatic Arts Los Angeles
American Conservatory Theater
American Heritage School
American High School
American Jewish University
American River College
American River College, California
American University of Health Sciences
American University, Washington, D.C.
Amherst College
Amity University
Amrita School of Engineering
Ancaster High School
Anchor Bay High School
Andover Central High School
Anna University
Antelope Valley College
Appalachian State University
Arcadia High School, California
Arizona State University
Art Center College of Design
Aston University
Atlanta Metropolitan State College
Atlantic Cape Community College
Austin Community College District
Aviation Career & Technical Education High School
Avon High School
Azusa Pacific Online University
Azusa Pacific University
Babaria Institute of Technology
Babson College
Bakersfield College
Barstow Community College
Barton College
Baruch College, CUNY
Baton Rouge Community College
Bayside High School
Bayview Secondary School
Beihang University
Bellevue College, Washington
Benedictine College
Benha University
Bentley University
Berea College
Bergen Catholic High School
Bergen Community College
Bergen County Academies
Bergen County Technical High School - Teterboro
Berkeley City College
Berkshire Community College
Bethesda University of California
Bharathiar University
Bilkent University
Binghamton University
Biola University
Birkbeck, University of London
Birmingham City University
Blinn College
Bloomsburg University of Pennsylvania
Blue Mountain Academy
BlueCrest University College
BMIIT, Uka Tarsadia University, Bardoli, Surat
Boca Raton Community High School
Borough of Manhattan Community College, CUNY
Boston College
Boston Latin School
Boston University Metropolitan College
Boston University
Bourne Grammar School
Bournemouth University
Bowdoin College
Bowie State University
Brampton Centennial Secondary School
Brandeis University
Briar Cliff University
Brigham Young University
Brno University of Technology
Brock University
Bronx Community College, CUNY
Brookdale Community College
Brooklyn College, CUNY
Brooklyn Technical High School
Brookwood High School
Brown University
Bryan University
Bryn Mawr College
Bucknell University
Business Academy Aarhus
Butte College
Cabrillo College
Caldwell University
California Baptist University
California Christian College
California College of the Arts
California College San Diego
California High School
California Institute of Technology
California Institute of the Arts
California Lutheran University
California Maritime Academy
California Polytechnic State University San Luis Obispo
California Polytechnic State University, San Luis Obispo
California State Polytechnic University Pomona
California State Polytechnic University, Pomona
California State University Bakersfield
California State University Channel Islands
California State University Chico
California State University Dominguez Hills
California State University East Bay
California State University Fresno
California State University Fullerton
California State University Long Beach
California State University Los Angeles
California State University Monterey Bay
California State University Northridge
California State University Sacramento
California State University San Bernardino
California State University San Marcos
California State University Stanislaus
California State University, Bakersfield
California State University, Channel Islands
California State University, Chico
California State University, Dominguez Hills
California State University, East Bay
California State University, Fresno
California State University, Fullerton
California State University, Humboldt
California State University, Long Beach
California State University, Los Angeles
California State University, Maritime
California State University, Monterey Bay
California State University, Northridge
California State University, Sacramento
California State University, San Bernardino
California State University, San Diego
California State University, San Francisco
California State University, San Jose
California State University, San Luis Obispo
California State University, San Marcos
California State University, Sonoma
California State University, Stanislaus
Camden County College
Cameron Heights Collegiate Institute
Canada (Cañada) College
Canada College
Canyon Crest Academy
Cardiff Metropolitan University
Carleton College
Carleton University
Carnegie Mellon University
Carteret High School
Carthage College
Case Western Reserve University School of Medicine
Case Western Reserve University
Cathedral High School, Los Angeles
Cedar Creek High School
Cedar Ridge High School
Cedarville University
Cégep André-Laurendeau
Cégep de Saint-Laurent
Cégep du Vieux Montréal
Cégep Marie-Victorin
Centennial High School
Central Connecticut State University
Central Peel Secondary School
Central Texas College
Cerritos College
Cerro Coso Community College
Chabot College
Chaffey College
Chalmers University of Technology
Champlain College
Channabasaveshwara Institute of Technology
Chaparral Star Academy
Chapel Hill High School
Chapman University
Charles R Drew University of Medicine and Science
Chattahoochee Technical College
Cherokee High School
Cherry Hill High School East
Chinguacousy Secondary School
Cincinnati State Technical and Community College
Citrus College
City College of San Francisco
City University London
Claremont McKenna College
Clark University
Clarksburg High School
Clarkson University
Clemson University
Cleveland State University
Coastline Community College
Coe College
Cogswell College
Colegio Simón Bolívar
Coleman University
Colgate University
Collège Ahuntsic
Collège André-Grasset
Collège de Bois-de-Boulogne
Collège de Maisonneuve
Collège de Montréal
Collège de Rosemont
Collège Français
Collège Jean-de-Brébeuf
Collège Jean-Eudes
Collège Lionel-Groulx
College of Alameda
College of Charleston
College of Engineering, Pune
College of Marin
College of San Mateo
College of Staten Island, CUNY
College of the Canyons
College of the Desert
College of the Redwoods
College of the Sequoias
College of the Siskiyous
College of Westchester
Collège Regina Assumpta
Colleyville Heritage High School
Collins Hill High School
Colorado School of Mines
Columbia College Hollywood
Columbia College
Columbia Secondary School
Columbia University
Columbus College of Art and Design
Columbus State Community College
Comenius University
Community Christian College
Community College of Allegheny County
Community College of Baltimore County
Community College of Rhode Island
COMSATS Institute of Information Technology
Concord Academy
Concordia University Irvine
Concordia University
Conestoga College
Connecticut College
Conroe ISD Academy of Science and Technology, Texas
Contra Costa College
Cooper Union
Copper Mountain Community College
Coral Glades High School
Cornell College
Cornell University
Cosumnes River College
Council Rock High School South
County College of Morris
Covenant University
Coventry University
Crafton Hills College
Cranbrook Schools
Cranfield University
Creekview High School
Cuesta College
Cupertino High School
Cuyamaca College
Cypress College
Dartmouth College
Davidson College
Dawson College
De Anza College
Deerfield High School
Del Norte High School
Delft University of Technology
Delhi Technological University
Dell'Arte International School of Physical Theatre
Denison University
DePaul University
DePauw University
Des Moines Area Community College
DeSales University
Design Institute of San Diego
DeVry University California
Dharmsinh Desai University
Diablo Valley College
Dominican University of California
Dougherty Valley High School
Dr. B. R. Ambedkar National Institute of Technology Jalandhar
Drake University
Drew University
Drexel University
Dublin High School
Dublin Jerome High School
Duke University
Dulaney High School
Duquesne University
Durant High School
Durham College
Durham University
Dwarkadas J. Sanghvi College of Engineering
Dwight-Englewood School
Earl of March Secondary School
Earlham College
East Brunswick High School
East Central University
East Chapel Hill High Schoo
East Los Angeles College
East San Gabriel Valley Regional Occupational Program
Eastern Michigan University
Eastern Washington University
Eckerd College
École Centrale Paris
École de technologie supérieure
École Polytechnique de Montréal
Edina High School
Edinburgh Napier University
Edison High School
Edward R. Murrow High School
Eidgenössische Technische Hochschule (ETH) Zürich
El Camino College Compton Center
El Camino College
El Camino Community College District
El Centro College
Elgin Academy
Elizabeth High School
Embry-Riddle Aeronautical University
Emory University
EPFL | École polytechnique fédérale de Lausanne
Epic Bible College
Erasmus Hogeschool Brussel
Ernest Manning High School
Evergreen Valley College
Expression College for Digital Arts
Fachhochschule Dortmund
Fahaheel Al-Watanieh Indian Private School
Fairfield University
Fairleigh Dickinson University
Fairview High School
Farmingdale State College
Fashion Careers College
Feather River Community College District
FernUniversität in Hagen
FIDM/Fashion Institute of Design & Merchandising Los Angeles
FIDM/Fashion Institute of Design & Merchandising Orange County
FIDM/Fashion Institute of Design & Merchandising San Diego
FIDM/Fashion Institute of Design & Merchandising San Francisco
Fitchburg State University
Florida Agricultural & Mechanical (A&M) University
Florida Atlantic University
Florida Gulf Coast University
Florida Institute Of Technology
Florida International University
Florida Polytechnic University
Florida State University
Folsom Lake College
Fontys Hogeschool
Foothill College
Fordham University
Fort Scott Community College
Fr. Conceicao Rodrigues College of Engineering
Francis Holland School
Francis Lewis High School
Franklin High School
Franklin W. Olin College of Engineering
Frederick Community College
Freedom High School
Freehold High School
Fresno City College
Fresno Pacific University
Full Sail University
Fullerton College
Ganga International School
Ganpat University
Garnet Valley High School
Gavilan College
George C. Marshall High School
George Heriot's School
George Mason University
Georgetown University
Georgia Institute of Technology
Georgia State University
Germantown Friends School
GIDC Degree Engineering College
Glassboro High School
Glenaeon Rudolf Steiner School
Glenbrook North High School
Glenbrook South High School
Glendale Community College
Glenforest Secondary School
Golden West College
Goldsmiths, University of London
Golf Academy of America Carlsbad
Gordon Graydon Memorial Secondary School
Gottfried Wilhelm Leibniz Universität Hannover
Government Model Engineering College, Thrikkakara
Grady High School
Grand Rapids Community College
Grand Valley State University
Greater Lowell Technical High School
Green River College
Greenwood College School
Grinnell College
Grossmont College
Guelph Collegiate Vocational Institute
Gujarat Technological University
Gujarat University
Guru Gobind Singh Indraprastha University
Guttman Community College, CUNY
H.N. Werkman College
Hampshire College
Hampton University
Hands on Medical Massage School
Hanze University of Applied Sciences
Harper College
Hartnell College
Harvard Medical School
Harvard University
Harvey Mudd College
Hasso-Plattner-Institut Academy
Haverford College
Hazleton Area High School
Head-Royce School
Health Careers High School
Helwan University
Henry M. Gunn High School
Herguan University
Heritage Institute of Technology
Het Baarnsch Lyceum
High Technology High School
Highland Park High School
Hillsborough High School
Hinsdale Central High School
Hiram College
Hofstra University
Hogeschool Thomas More
Holton-Arms School
Holy Names University
Homestead High School
Hong Kong University of Science and Technology
Hood College
Hope International University
Horace Mann School
Horizon College San Diego
Hostos Community College, CUNY
Houghton High School
Howard University
Hudson County Community College
Hudson Valley Community College
Humboldt State University
Humphreys College Stockton and Modesto Campuses
Hunter College High School
Hunter College, CUNY
I.T.S Engineering College
Iliria College
Illinois Institute of Technology
Illinois State University
Imperial College London
Imperial Valley College
Indian Hills Community College
Indian Institute of Engineering Science and Technology Shibpur
Indian Institute of Technology Allahabad
Indian Institute of Technology Bhubaneswar
Indian Institute of Technology Bombay
Indian Institute of Technology Gandhinagar
Indian Institute of Technology Guwahati
Indian Institute of Technology Gwalior
Indian Institute of Technology Hyderabad
Indian Institute of Technology Jabalpur
Indian Institute of Technology Jodhpur
Indian Institute of Technology Kanpur
Indian Institute of Technology Kharagpur
Indian Institute of Technology Kota
Indian Institute of Technology Madras
Indian Institute of Technology Roorkee
Indian Institute of Technology Ropar
Indian School of Mines, Dhanbad
Indiana University of Pennsylvania
Indiana University
Indiana University-Purdue University Fort Wayne
Indiana University–Purdue University Indianapolis
Indira Gandhi Delhi Technical University for Women
Indira Gandhi National Open University
Indraprastha Institute of Information Technology
Institute of Engineering and Rural Technology Allahabad
Instituto Politécnico Nacional
Instituto Tecnólogico de La Laguna (ITL)
Instituto Tecnológico Superior de El Mante
Instituto Tecnológico Superior de los Ríos
Instituto Tecnologico Superior de San Martin Texmelucan
Instituto Tecnológico y de Estudios Superiores de Monterrey (ITESM) Campus Aguascalientes
Instituto Tecnológico y de Estudios Superiores de Monterrey (ITESM) Campus Chiapas
Instituto Tecnológico y de Estudios Superiores de Monterrey (ITESM) Campus Chihuahua
Instituto Tecnológico y de Estudios Superiores de Monterrey (ITESM) Campus Ciudad de Mexico
Instituto Tecnológico y de Estudios Superiores de Monterrey (ITESM) Campus Ciudad Juárez
Instituto Tecnológico y de Estudios Superiores de Monterrey (ITESM) Campus Cuernavaca
Instituto Tecnológico y de Estudios Superiores de Monterrey (ITESM) Campus Cumbres
Instituto Tecnológico y de Estudios Superiores de Monterrey (ITESM) Campus Eugenio Garza Lagüera
Instituto Tecnológico y de Estudios Superiores de Monterrey (ITESM) Campus Eugenio Garza Sada
Instituto Tecnológico y de Estudios Superiores de Monterrey (ITESM) Campus Guadalajara
Instituto Tecnológico y de Estudios Superiores de Monterrey (ITESM) Campus Hidalgo
Instituto Tecnológico y de Estudios Superiores de Monterrey (ITESM) Campus Irapuato
Instituto Tecnológico y de Estudios Superiores de Monterrey (ITESM) Campus Laguna
Instituto Tecnológico y de Estudios Superiores de Monterrey (ITESM) Campus León
Instituto Tecnológico y de Estudios Superiores de Monterrey (ITESM) Campus Morelia
Instituto Tecnológico y de Estudios Superiores de Monterrey (ITESM) Campus Obregón
Instituto Tecnológico y de Estudios Superiores de Monterrey (ITESM) Campus Puebla
Instituto Tecnológico y de Estudios Superiores de Monterrey (ITESM) Campus Querétaro
Instituto Tecnológico y de Estudios Superiores de Monterrey (ITESM) Campus Saltillo
Instituto Tecnológico y de Estudios Superiores de Monterrey (ITESM) Campus San Luis Potosí
Instituto Tecnológico y de Estudios Superiores de Monterrey (ITESM) Campus Santa Catarina
Instituto Tecnológico y de Estudios Superiores de Monterrey (ITESM) Campus Santa Fe
Instituto Tecnológico y de Estudios Superiores de Monterrey (ITESM) Campus Sinaloa
Instituto Tecnológico y de Estudios Superiores de Monterrey (ITESM) Campus Sonora
Instituto Tecnológico y de Estudios Superiores de Monterrey (ITESM) Campus Tampico
Instituto Tecnológico y de Estudios Superiores de Monterrey (ITESM) Campus Toluca
Instituto Tecnológico y de Estudios Superiores de Monterrey (ITESM) Campus Valle Alto
Instituto Tecnológico y de Estudios Superiores de Monterrey (ITESM) Campus Veracruz
Instituto Tecnológico y de Estudios Superiores de Monterrey (ITESM) Campus Zacatecas
Instituto Tecnológico y de Estudios Superiores de Monterrey (ITESM)
Instituto Tecnológico y de Estudios Superiores de Occidente (ITESO)
Instytut Pamięci Narodowej
International Institute of Information Technology-Hyderabad
International Institute Of Information Technology-Naya Raipur
International Leadership Charter High School
International Professional School of Bodywork
International School of Choueifat
Iowa Central Community College
Iowa State University
Iowa Western Community College
Irvine Valley College
Istanbul University
IT University of Copenhagen
Ithaca College
Jacobs University Bremen
Jagiellonian University
Jaipur National University
Jalpaiguri Government Engineering College
James Gillespie's High School
James Madison High School
James Madison University
Jaypee Institute Of Information Technology
John A. Ferguson Senior High School
John Abbott College
John F. Kennedy Memorial High School
John Jay College of Criminal Justice, CUNY
John Leggott College
John P. Stevens High School
John Paul the Great Catholic University
Johns Hopkins University
Johnson & Wales University
Johnson C. Smith University
K.S. School of Business Management
Kansas State University
Kantipur Engineering College
Kean University
Keele University
Kennesaw State University
Kennett High School
Kent State University
King's College London
King's University
Kingsborough Community College, CUNY
Kraków University of Economics
L D College Of Engineering Library
La Roche College
La Sierra University
Lafayette College
LaGuardia Community College, CUNY
Laguna College of Art and Design
Lake Braddock Secondary School
Lake Tahoe Community College
Lakeside High School
Lampeter-Strasburg High School
Lancaster University
Laney College
Las Positas College
Lassen Community College
Laval University
Lawrence Technological University
Lawrence University
Lehigh University
Lehman College, CUNY
Leiden University
Lewis & Clark College
Lewis University
Lexington High School
Lick Wilmerding High School
Life Pacific College
LIM College
Lincoln University
Lindenwood University
Linn-Mar High School
Lisgar Collegiate Institute
Little Flowers Public Sr Secondary School
Livingston High School
Lodz University of Technology
London Metropolitan University
London School of Economics and Political Science
Lone Star College System
Long Beach City College
Lord Krishna College of Engineering
Los Altos High School
Los Angeles City College
Los Angeles College of Music
Los Angeles Harbor College
Los Angeles Mission College
Los Angeles Pierce College
Los Angeles Southwest College
Los Angeles Trade Technical College
Los Angeles Valley College
Los Medanos College
Loughborough University
Louisiana State University
Lowell High School
Loyola Marymount University
Lynbrook High School
M.V.Jayaraman College of Engineering
Macalester College
MacArthur High School
Macaulay Honors College, CUNY
Macomb Community College
Madan Mohan Malaviya University of Technology
Madison College
Maggie L. Walker Governor's School
Maharaja Agrasen Institute of Technology
Maharaja Surajmal Institute of Technology
Maine South High School
Malvern Preparatory School
Manalapan High School
Manchester Metropolitan University
Manhattan College
Manhattan High School
Manipal Institute of Technology
Marc Garneau Collegiate Institute
Marcellus High School
Marianopolis College
Marist College
Markham District High School
Markville Secondary School
Marlboro High School
Marquette University
Marshall High School
Marymount College
Marymount University
Masaryk University
Massachusetts Institute of Technology
Mater Academy High School
Maulana Abul Kalam Azad University of Technology
Maulana Azad National Institute of Technology Bhopal
Maulana Azad National Institute of Technology
Maumee Valley Country Day School
MBM Engineering College, Jodhpur
McGill University
McMaster University
Medgar Evers College, CUNY
Medical University of Silesia
Mendocino College
Menlo College
Menlo School
Merced College
Mercer County Community College
Mercer University
Meredith College
Merritt College
Messiah College
Metas Adventist School
Metropolitan State University
Metuchen High School
Miami Dade College
Miami Lakes Educational Center
Miami University
Michigan State University
Michigan Technological University
Middle Tennessee State University
Middlebury College
Middlesex County Academy for Science, Mathematics & Engineering Technologies
Middlesex County College
Middlesex University
Middletown High School South
Midwood
Miles College
Millburn High School
Millburn Middle School
Mills College
Millville Senior High School
Milwaukee School of Engineering
MiraCosta College
Mission College Boulevard
Mission College
Mission San Jose High School
Mississippi State University
Mississippi University for Women
Missouri State University
Modesto Junior College
Mohammed V University
Molloy College
Monmouth College
Monmouth University
Monroe Community College
Monta Vista High School
Montana State University
Montclair State University
Monterey Peninsula College
Montgomery Blair High School
Montgomery College
Montgomery County Community College
Montgomery High School
Montville Township High School
Moore Middle School
Moorestown High School
Moorpark College
Moraine Valley Community College
Moreno Valley College
Morgan State University
Morris County School of Technology
Moscow Institute of Physics and Technology
Moscrop Secondary School
Motilal Nehru National Institute of Technology Allahabad
Motilal Nehru National Institute of Technology
Mount Holyoke College
Mount St. Mary's College
Mt Sierra College
Mt. San Antonio College
Mt. San Jacinto Community College District
Muhlenberg college
Musicians Institute
Nanyang Technological University
Napa Valley College
Narsee Monjee College of Commerce and Economics
Nashua High School South
National Institute of Engineering, Mysore
National Institute of Technology Calicut
National Institute of Technology, Jamshedpur
National Institute of Technology, Raipur
National Institute of Technology, Silchar
National Institute of Technology, Srinagar
National Institute of Technology, Tiruchirappalli
National Institute of Technology, Warangal
National Research University Higher School Of Economics
National University
Netaji Subhas Institute Of Technology
Netaji Subhash Engineering College
New Albany High School
New Jersey City University
New Jersey Institute of Technology
New Providence High School
New River Community College
New York City College of Technology, CUNY
New York Institute of Technology
New York University Abu Dhabi
New York University
Newcastle University
Newschool of Architecture and Design
Newton South High School
Niagara College
Nipissing University
Nirma University
Noakhali Science and Technology University
Norco College
North American University
North Andover High School
North Brunswick Township High School
North Carolina School of Science and Mathematics
North Carolina State University
North Dakota State University
North Hunterdon High School
North Park Secondary School
North Shore Community College
Northeastern University
Northern Arizona University
Northern Illinois University
Northern Kentucky University
Northern Michigan University
Northern Secondary School
Northern Virginia Community College
Northview High School
Northwest Missouri State University
Northwest Vista College
Northwestern Oklahoma State University
Northwestern University
Notre Dame de Namur University
Nottingham Trent University
Novi High School
Oakland Community College
Oakland University
Occidental College
Ocean City High School
Ocean County College
Ohio Christian University
Ohlone Community College
Okemos High School
Oklahoma State University
Onondaga Community College
Opolska University of Technology
Orange Coast College
Oregon State University
Otis College of Art and Design
Otterbein University
Oxford Academy High School
Oxnard College
Pacific College of Oriental Medicine LLC San Diego
Pacific States University
Pacific Union College
Palo Alto High School
Palo Verde College
Palomar College
Pandit Deendayal Petroleum University
Paramount International School
Parkview High School
Parsippany High School
Parsons School of Design
Parul Institute of Engineering & Technology
Pasadena City College
Pascal English School, Cyprus
Patten University
Penncrest High School
Pepperdine University
Piedmont High School
Pierre Elliott Trudeau High School
Pingree School
Piscataway Township High School
Pittsburgh Technical Institute
Pitzer College
Plano East Senior High School
Platt College Los Angeles
Platt College Ontario
Platt College San Diego
Plovdiv Medical University
Point Loma Nazarene University
Pokhara University
Polsko-Japońska Akademia Technik Komputerowych
Pomona College
Poolesville High School
Poornima College of Engineering
Pope John Paul II High School
Port Credit Secondary School
Porter-Gaud School
Porterville College
Portland State University
Potsdam, SUNY
Poznań University of Technology
Presidency School, Surat.
Preston High School
Princeton High School
Princeton University
Professional Golfers Career College
Providence Christian College
Purdue University
Queen Mary University of London
Queens College, CUNY
Queen's University
Queensborough Community College, CUNY
R.V. College Of Engineering
Radnor High School
Raksha Shakti University
Ramapo College of New Jersey
Ramapo High School
Rani Laxmi Bai Public School
Raritan Valley Community College
Ravenscroft School
Ravenwood High School
Red Bank Regional High School
Reedley College
Regis High School
Rensselaer Polytechnic Institute
Rhode Island College
Rhode Island School of Design
Rhodes College
Rice University
Richard Montgomery High School
Richard Stockton University
Richardson High School
Richland College
Richmond Hill High School
Rider University
Ridgewood High School
Rio Hondo College
River Dell High School
Riverside City College
Robert Gordon University
Rochester Institute of Technology
Rock Ridge High School
Roosevelt High School
Rosa Parks Middle School
Rose-Hulman Institute of Technology
Rowan College at Gloucester County
Rowan University
Roxbury High School
Rudbecksgymnasiet
Rutgers, The State University of New Jersey
Ryde School
Ryerson University
Sacramento City College
Saddleback College
Sage College
Saginaw Valley State University
Sahrdaya College of Engineering and Technology
Saint Joseph High School
Saint Joseph's College of Maine
Saint Marys College of California
Saint Paul College
Saint Peter's Preparatory School
Saint Peter's University
Salem State University
San Diego Christian College
San Diego City College
San Diego Mesa College
San Diego Miramar College
San Diego State University Imperial Valley Campus
San Diego State University
San Francisco Art Institute
San Francisco Conservatory of Music
San Francisco State University
San Joaquin Delta College
San Joaquin Valley College Bakersfield
San Joaquin Valley College Fresno Aviation
San Joaquin Valley College Fresno
San Joaquin Valley College Hesperia
San Joaquin Valley College Modesto
San Joaquin Valley College Online
San Joaquin Valley College Rancho Cordova
San Joaquin Valley College Rancho Cucamonga
San Joaquin Valley College Temecula
San Joaquin Valley College Visalia
San Jose City College
San Jose State University
San Marcos High School
San Marin High School
San Mateo High School
Sant Longowal Institute of Engineering and Technology
Santa Ana College
Santa Barbara Business College Bakersfield
Santa Barbara Business College Santa Maria
Santa Barbara Business College Ventura
Santa Barbara City College
Santa Clara University
Santa Margarita Catholic High School
Santa Monica College
Santa Rosa Junior College
Santiago Canyon College
Saratoga High School
Sardar Patel University
Sardar Vallabhbhai National Institute of Technology, Surat
Sarvajanik College of Engineering & Technology
Saurashtra University Rajkot
Savitribai Phule Pune University
School of Professional Studies, CUNY
School of Visual Arts, New York
Scripps College
Seneca College
Seton Hall University
Seven Lakes High School
Seventh Day Adventist High School
Shaker High School
Shankersinh Vaghela Bapu Institute of Technology
Shasta Bible College and Graduate School
Shasta College
Sheffield Hallam University
Shelton High School
Sherwood Convent School
Sherwood High School
Shiv Nadar University
Shri Govindram Seksaria Institute of Technology and Science
Shri Guru Ram Rai Public School
Shri Vaishnav Institute of Technology and Science
Siena College
Sierra College
Silesian University of Technology
Silver Oak College of Engineering & Technology
Simmons College
Simón Bolívar University
Simon Fraser University
Simpson College
Simpson University
Singapore University of Technology and Design
Sir Padampat Singhania University
Sitarambhai Naranji Patel Institute of Technology & Research Centre
Skidmore College
Skyline College
Slippery Rock University of Pennsylvania
Slovak University of Technology in Bratislava (STU)
Smith College
SOAS University of London
Soka University of America
Solano Community College
Sonoma State University
South Brunswick High School
South Carolina State University
South Dakota School of Mines and Technology
South Lakes High School
South Texas College
Southeastern Louisiana University
Southern California Institute of Architecture
Southern California Institute of Technology
Southern California Seminary
Southern Connecticut State University
Southern Illinois University Carbondale
Southern Illinois University Edwardsville
Southern Methodist University
Southwestern College
Spotswood High School
Spring Arbor University
Sreenidhi Institute of Science & Technology
Sri Sivasubramaniya Nadar College of Engineering
St Brendan High School
St Edwards University
St Mary's Catholic High School – Croydon
St Mary's CE High School – Cheshunt
St Paul's Catholic College – Sunbury-on-Thames
St. Cloud State University
St. John's University, New York
St. Mark's School, Hong Kong
St. Mary's Ryken High School
St. Michael College of Engineering & Technology
St. Raymond High School for Boys And Girls
St. Theresa of Lisieux Catholic High School
St. Xavier's Senior Secondary School, Jaipur
St.Mary's Convent School
Stanford University
Staten Island Technical High School
Stephen F. Austin State University
Stetson University
Stevens Institute of Technology
Stevenson University
Stockton University
Stonehill College
Stonewall Jackson High School
Stony Brook University, SUNY
Stuyvesant High School
Sulphur High School
SUM Bible College and Theological Seminary
SUNY Polytechnic Institute
SUPINFO International University
Susquehanna University
Sussex County Community College
Swansea University
Swarthmore College
Symbiosis International University
Syracuse University
Tacoma Community College
Tadeusz Kościuszko University of Technology
Taft College
Taft University System
Technische Universitaet München
Techno India College of Technology
Techno India University
Tecnológico de Estudio Superiores de Ixtapaluca
Tecnológico de Estudios Superiores de Ecatepec
Temple University
Tenafly High School
Texas A&M University – Central Texas
Texas A&M University – Corpus Christi
Texas A&M University – Kingsville
Texas A&M University
Texas Christian University
Texas Southern University
Texas Southmost College
Texas State University
Texas Tech University
Thakur College of Engineering and Technology
The British University In Egypt
The Bronx High School of Science
The City College of New York, CUNY
The College at Brockport, SUNY
The College of New Jersey
The College of Saint Rose
The College Of William & Mary
The George Washington University
The Harker School
The Hill School
The Katholieke Universiteit Leuven
The LNM Institute of Information Technology
The Maharaja Sayajirao University of Baroda
The Master's College and Seminary
The Mount Tabor Training College
The National Hispanic University
The Ohio State University
The Open University
The Pennsylvania State University – Abington Campus
The Pennsylvania State University – Berks
The Pennsylvania State University – Harrisburg
The Pennsylvania State University – York Campus
The Pennsylvania State University
The Roxbury Latin School
The Savannah College of Art and Design
The SRM University
The Technical University of Denmark
The Technische Universität Berlin
The Université de Sherbrooke
The University of Akron
The University of Alabama
The University of Alberta
The University of Applied Sciences Upper Austria
The University of Arizona
The University of Arkansas
The University of Bath
The University of Bedfordshire
The University of Birmingham
The University of Bolton
The University of Bonn
The University of Bristol
The University of British Columbia
The University of Calgary
The University of Calicut
The University of California, Berkeley
The University of California, Davis
The University of California, Irvine
The University of California, Los Angeles
The University of California, Merced
The University of California, Riverside
The University of California, San Diego
The University of California, Santa Barbara
The University of California, Santa Cruz
The University of Cambridge
The University of Central Florida
The University of Chicago
The University of Cincinnati
The University of Colorado Boulder
The University of Colorado Colorado Springs
The University of Connecticut
The University of Dallas
The University of Delaware
The University of Denver
The University of Derby
The University of Dundee
The University of Edinburgh
The University of Essex
The University of Evansville
The University of Exeter
The University of Falmouth
The University of Florida
The University of Gdańsk
The University of Georgia
The University of Glasgow
The University of Groningen
The University of Guelph
The University of Houston – Clear Lake
The University of Houston – Downtown
The University of Houston
The University of Huddersfield
The University of Idaho
The University of Illinois at Chicago
The University of Illinois at Urbana-Champaign
The University of Information Technology and Management in Rzeszow
The University of Iowa
The University of Kansas
The University of Kent
The University of Kentucky
The University of La Verne
The University of Leeds
The University of Leicester
The University of Lincoln
The University of Liverpool
The University of Ljubljana
The University of Louisiana at Lafayette
The University of Louisiana at Monroe
The University of Louisville
The University of Málaga
The University of Manchester
The University of Manitoba
The University of Maryland, Baltimore County
The University of Maryland, College Park
The University of Massachusetts Amherst
The University of Massachusetts Boston
The University of Massachusetts Dartmouth
The University of Massachusetts Lowell
The University of Miami
The University of Michigan
The University of Minnesota
The University of Missouri
The University of Missouri-Kansas City
The University of Nebraska-Lincoln
The University of New Brunswick
The University of New Hampshire
The University of New Haven
The University of North Carolina at Chapel Hill
The University of North Carolina at Charlotte
The University of North Carolina at Greensboro
The University of North Texas
The University of Northampton
The University of Notre Dame
The University of Nottingham
The University of Oklahoma
The University of Ontario Institute of Technology
The University of Oregon
The University of Ottawa
The University of Oulu
The University of Oxford
The University of Pennsylvania
The University of Petroleum and Energy Studies
The University of Phoenix
The University of Pittsburgh
The University of Portland
The University of Portsmouth
The University of Puerto Rico, Mayagüez Campus
The University of Puerto Rico, Río Piedras Campus
The University of Richmond
The University of Rochester
The University of Salford
The University of San Francisco
The University of Sharjah
The University of Sheffield
The University of Silesia in Katowice
The University of South Carolina
The University of South Florida
The University of Southampton
The University of Southern California
The University of Southern Denmark
The University of St Andrews
The University of St. Gallen
The University of St. Thomas
The University of Stirling
The University of Strathclyde
The University of Stuttgart
The University of Surrey
The University of Sussex
The University of Tampa
The University of Tennessee
The University of Texas – Pan American
The University of Texas at Arlington
The University of Texas at Austin
The University of Texas at Dallas
The University of Texas at El Paso
The University of Texas at San Antonio
The University of Texas of the Permian Basin
The University of Texas Rio Grande Valley
The University of the Pacific
The University of the South - Sewanee
The University of Toledo
The University of Toronto Mississauga
The University of Toronto Scarborough
The University of Toronto
The University of Tulsa
The University of Utah
The University of Vermont
The University of Victoria
The University of Virginia
The University of Warsaw
The University of Warwick
The University of Washington
The University of Waterloo
The University of West Georgia
The University of Western Ontario
The University of Westminster
The University of Windsor
The University of Wisconsin-Eau Claire
The University of Wisconsin-Green Bay
The University of Wisconsin-La Crosse
The University of Wisconsin-Madison
The University of Wisconsin-Milwaukee
The University of Wisconsin-Oshkosh
The University of Wisconsin-Parkside
The University of Wisconsin-Platteville
The University of Wisconsin-River Falls
The University of Wisconsin-Stevens Point
The University of Wisconsin-Stout
The University of Wisconsin-Superior
The University of Wisconsin-Whitewater
The University of Wolverhampton
The University of Wrocław
The University of York
The University of Zagreb
Thomas Aquinas College
Thomas Edison State College
Thomas Jefferson High School for Science and Technology
Thomas Nelson Community College
Thomas S. Wootton High School
Tongji University
Touro College Los Angeles
Towson University
Trent University
Trident University International
Trinity College
Trinity International University
Trinity Valley School
Troy Athens High School
Troy High School
Troy University
Truman State University
Tshwane University of Technology
TU/e Technische Universiteit Eindhoven University of Technology
Tufts University
Tulane University
Tunis El Manar University
Turner Fenton Secondary School
Ulster University
UNAM FES Aragón
Union County College
Union County Magnet High School
Union County Vocational-Technical Schools
Unionville High School
United College of Engineering and Research
United Institute of Technology
Universidad Autónoma de Coahuila
Universidad Autónoma de Nuevo León
Universidad Autónoma de San Luis Potosí
Universidad Autónoma de Tlaxcala
Universidad Autónoma del Estado de México
Universidad Autónoma del Estado de Morelos
Universidad Autónoma del Perú
Universidad Autónoma Metropolitana
Universidad Centro de Estudios Cortazar
Universidad de Guadalajara
Universidad de Guanajuato
Universidad de La Salle Bajío
Universidad de Monterrey
Universidad del Desarrollo
Universidad del Valle de México
Universidad en Línea, Mexico
Universidad Iberoamericana
Universidad Interamericana de Puerto Rico
Universidad Nacional Autónoma de México
Universidad Panamericana
Universidad Politécnica de Guanajuato
Universidad Politécnica de Querétaro
Universidad TecMilenio
Universidad Tecnológica de México
Universidad Tecnológica de Puebla
Universidad Veracruzana
Universitat Autònoma de Barcelona, UAB
Universitat de Barcelona
Universitat Politècnica de Catalunya
Universitat Politècnica de Catalunya, UPC
Universitat Pompeu Fabra
Université de Mons
Université du Québec à Montréal
University at Albany, SUNY
University at Binghamton, SUNY
University at Buffalo, SUNY
University at New Paltz, SUNY
University at Orange, SUNY
University at Oswego, SUNY
University at Plattsburgh, SUNY
University Campus Suffolk
University College London
University of Białystok
University of California Berkeley
University of California Davis
University of California Irvine
University of California Los Angeles
University of California Merced
University of California Riverside
University of California San Diego
University of California Santa Barbara
University of California Santa Cruz
University of Cincinnati Clermont College
University of La Verne
University of North America
University of Phoenix Bay Area Campus
University of Phoenix Central Valley Campus
University of Phoenix Sacramento Valley Campus
University of Phoenix San Diego Campus
University of Phoenix Southern California Campus
University of Pikeville
University of Redlands
University of San Diego
University of San Francisco
University of Southampton
University of Southern California
University of the Pacific
University of the People
University of the West
University of Udaipur
Upper Canada College
Upper Iowa University
Urbana High School
Ursinus College
Utah State University
Utica College
Utkal University
Uttar Pradesh Technical University
Uttaranchal Institute of Technology
Vadodara Institute of Engineering
Valley Christian High School
Valley High School
Vanderbilt University
Vanguard University of Southern California
Vanier College
Vassar College
Veer Narmad South Gujarat University
Veer Surendra Sai University of Technology, Burla
Vel Tech Multi Tech Dr.Rangarajan Dr.Sakunthala Engineering College
Vellore Institute of Technology
Ventura College
Veterans Memorial Early College High School
VIA University College
Victor Valley College
Victoria Park Collegiate Institute
Vidyakunj International School
Villanova University
Vincennes University
Vincent Massey Secondary School
Virginia Commonwealth University
Virginia Tech
Visvesvaraya National Institute of Technology
Visvesvaraya Technological University
VIT University
Vivekanand Education Society's Institute of Technology
Vivekananda College for BCA
Wake Forest University
Walt Whitman High School
Ward Melville High School
Warsaw School of Economics
Warsaw University of Technology
Wartburg College
Washington State University
Washington Township High School
Washington University in St. Louis
Wayne State University
Webb Bridge Middle School
Wellesley College
Wentworth Institute of Technology
Wesleyan University
West Chester University
West Coast Ultrasound Institute
West Coast University Los Angeles
West Coast University Ontario
West Coast University Orange County
West Hills College Coalinga
West Hills College Lemoore
West Los Angeles College
West Morris Mendham High School
West Potomac High School
West Valley College
West Windsor-Plainsboro High School South
Western Governors University
Western Kentucky University
Western Michigan University
Western New England University
Western University
Western Washington University
Westfield High School
Westminster College
Westminster School
Westmont College
Westwood High School
Whittier College
Wichita State University
Wilfrid Laurier University
Wilkes University
William Jessup University
William Lyon Mackenzie Collegiate Institute
William Paterson University
Williams College
Wilmington University
Winona State University
Winston Churchill High School
Winthrop University
Woodbridge High School
Woodbury University
Woodland Community College
Worcester Polytechnic Institute
Worcester State University
World Mission University
Wright State University
Wrocław University of Economics
Wrocław University of Technology
Wyższa Szkoła Biznesu – National-Louis University
Xavier University
Yale University
Yale-NUS College
Yeshiva Ohr Elchonon Chabad West Coast Talmudical Seminary
Yeshiva University
YMCA University of Science & Technology
York College of Pennsylvania
York College, CUNY
York University
Youngstown State University
Yuba College
Zespół Szkół Łączności, Monte Cassino 31
Zespół Szkół nr 1 im. Jana Pawła II w Przysusze
Zespół szkół nr 1 im. Stanisława Staszica w Bochni
Zespół Szkół Nr.2 im. Jana Pawła II w Miechowie
Zespół Szkół im. Jana Pawła II w Niepołomicach